{
  "PUT_API" : {
    "transaction" : "PUT_API",
    "sampleCount" : 14790,
    "errorCount" : 0,
    "errorPct" : 0.0,
    "meanResTime" : 4.711967545638971,
    "medianResTime" : 3.0,
    "minResTime" : 0.0,
    "maxResTime" : 137.0,
    "pct1ResTime" : 10.0,
    "pct2ResTime" : 16.0,
    "pct3ResTime" : 37.0,
    "throughput" : 50.3540787144219,
    "receivedKBytesPerSec" : 33.97916835123587,
    "sentKBytesPerSec" : 10.965780813785237
  },
  "PATCH_API" : {
    "transaction" : "PATCH_API",
    "sampleCount" : 14911,
    "errorCount" : 0,
    "errorPct" : 0.0,
    "meanResTime" : 4.686607202736259,
    "medianResTime" : 3.0,
    "minResTime" : 0.0,
    "maxResTime" : 147.0,
    "pct1ResTime" : 10.0,
    "pct2ResTime" : 17.0,
    "pct3ResTime" : 37.0,
    "throughput" : 50.42815400016233,
    "receivedKBytesPerSec" : 34.127647189562985,
    "sentKBytesPerSec" : 11.178897419957861
  },
  "POST_API" : {
    "transaction" : "POST_API",
    "sampleCount" : 14851,
    "errorCount" : 0,
    "errorPct" : 0.0,
    "meanResTime" : 4.717662110295613,
    "medianResTime" : 2.0,
    "minResTime" : 0.0,
    "maxResTime" : 142.0,
    "pct1ResTime" : 10.0,
    "pct2ResTime" : 17.0,
    "pct3ResTime" : 38.0,
    "throughput" : 50.38575587115686,
    "receivedKBytesPerSec" : 34.04974908480522,
    "sentKBytesPerSec" : 11.07108893653349
  },
  "GET_API" : {
    "transaction" : "GET_API",
    "sampleCount" : 14970,
    "errorCount" : 0,
    "errorPct" : 0.0,
    "meanResTime" : 4.6110888443553675,
    "medianResTime" : 2.0,
    "minResTime" : 0.0,
    "maxResTime" : 129.0,
    "pct1ResTime" : 10.0,
    "pct2ResTime" : 17.0,
    "pct3ResTime" : 40.0,
    "throughput" : 50.45296449081938,
    "receivedKBytesPerSec" : 22.023901491597915,
    "sentKBytesPerSec" : 5.6661044105900675
  },
  "Total" : {
    "transaction" : "Total",
    "sampleCount" : 74552,
    "errorCount" : 0,
    "errorPct" : 0.0,
    "meanResTime" : 4.724326644489801,
    "medianResTime" : 2.0,
    "minResTime" : 0.0,
    "maxResTime" : 147.0,
    "pct1ResTime" : 10.0,
    "pct2ResTime" : 17.0,
    "pct3ResTime" : 44.0,
    "throughput" : 249.99664668088474,
    "receivedKBytesPerSec" : 157.03133317803275,
    "sentKBytesPerSec" : 49.736081996616505
  },
  "DELETE_API" : {
    "transaction" : "DELETE_API",
    "sampleCount" : 15030,
    "errorCount" : 0,
    "errorPct" : 0.0,
    "meanResTime" : 4.893280106453767,
    "medianResTime" : 3.0,
    "minResTime" : 0.0,
    "maxResTime" : 119.0,
    "pct1ResTime" : 10.0,
    "pct2ResTime" : 18.0,
    "pct3ResTime" : 41.0,
    "throughput" : 50.41458702302367,
    "receivedKBytesPerSec" : 34.16769862693206,
    "sentKBytesPerSec" : 11.274355886984786
  }
}