{
  "PUT_API" : {
    "transaction" : "PUT_API",
    "sampleCount" : 111510,
    "errorCount" : 6244,
    "errorPct" : 5.599498,
    "meanResTime" : 829.7809523809445,
    "medianResTime" : 2.0,
    "minResTime" : 0.0,
    "maxResTime" : 288909.0,
    "pct1ResTime" : 6.0,
    "pct2ResTime" : 8.0,
    "pct3ResTime" : 16.0,
    "throughput" : 28.65931905910255,
    "receivedKBytesPerSec" : 19.346717965352834,
    "sentKBytesPerSec" : 6.240286934292645
  },
  "PATCH_API" : {
    "transaction" : "PATCH_API",
    "sampleCount" : 111641,
    "errorCount" : 6268,
    "errorPct" : 5.6144247,
    "meanResTime" : 560.5699966858109,
    "medianResTime" : 2.0,
    "minResTime" : 0.0,
    "maxResTime" : 288927.0,
    "pct1ResTime" : 6.0,
    "pct2ResTime" : 7.0,
    "pct3ResTime" : 15.0,
    "throughput" : 28.666339024952638,
    "receivedKBytesPerSec" : 19.41256518531079,
    "sentKBytesPerSec" : 6.353094360621061
  },
  "POST_API" : {
    "transaction" : "POST_API",
    "sampleCount" : 111575,
    "errorCount" : 6271,
    "errorPct" : 5.6204348,
    "meanResTime" : 655.8952274255083,
    "medianResTime" : 2.0,
    "minResTime" : 0.0,
    "maxResTime" : 289030.0,
    "pct1ResTime" : 6.0,
    "pct2ResTime" : 8.0,
    "pct3ResTime" : 16.0,
    "throughput" : 28.659120471306714,
    "receivedKBytesPerSec" : 19.377276158173945,
    "sentKBytesPerSec" : 6.295815491885674
  },
  "GET_API" : {
    "transaction" : "GET_API",
    "sampleCount" : 111683,
    "errorCount" : 5199,
    "errorPct" : 4.65514,
    "meanResTime" : 383.3718650107894,
    "medianResTime" : 2.0,
    "minResTime" : 0.0,
    "maxResTime" : 303003.0,
    "pct1ResTime" : 5.0,
    "pct2ResTime" : 7.0,
    "pct3ResTime" : 15.0,
    "throughput" : 28.677086652648615,
    "receivedKBytesPerSec" : 12.528655824713063,
    "sentKBytesPerSec" : 3.2199656838433555
  },
  "Total" : {
    "transaction" : "Total",
    "sampleCount" : 558147,
    "errorCount" : 30556,
    "errorPct" : 5.4745436,
    "meanResTime" : 963.1722754041608,
    "medianResTime" : 3.0,
    "minResTime" : 0.0,
    "maxResTime" : 303653.0,
    "pct1ResTime" : 6.0,
    "pct2ResTime" : 8.0,
    "pct3ResTime" : 13.0,
    "throughput" : 143.22596439077765,
    "receivedKBytesPerSec" : 90.02907461687202,
    "sentKBytesPerSec" : 28.499405308899767
  },
  "DELETE_API" : {
    "transaction" : "DELETE_API",
    "sampleCount" : 111738,
    "errorCount" : 6574,
    "errorPct" : 5.8834057,
    "meanResTime" : 2384.888014820395,
    "medianResTime" : 3.0,
    "minResTime" : 0.0,
    "maxResTime" : 303653.0,
    "pct1ResTime" : 7.0,
    "pct2ResTime" : 10.0,
    "pct3ResTime" : 19.0,
    "throughput" : 28.687857481390044,
    "receivedKBytesPerSec" : 19.443191695279513,
    "sentKBytesPerSec" : 6.415488837187076
  }
}