{
  "JK02_GETRequest_gunicorn" : {
    "transaction" : "JK02_GETRequest_gunicorn",
    "sampleCount" : 8375,
    "errorCount" : 0,
    "errorPct" : 0.0,
    "meanResTime" : 15.762746268656684,
    "medianResTime" : 4.0,
    "minResTime" : 0.0,
    "maxResTime" : 212.0,
    "pct1ResTime" : 47.0,
    "pct2ResTime" : 79.0,
    "pct3ResTime" : 137.23999999999978,
    "throughput" : 62.28247612814945,
    "receivedKBytesPerSec" : 27.18776057547149,
    "sentKBytesPerSec" : 6.9946140182980345
  },
  "JK02_PUTRequest_gunicorn" : {
    "transaction" : "JK02_PUTRequest_gunicorn",
    "sampleCount" : 7667,
    "errorCount" : 0,
    "errorPct" : 0.0,
    "meanResTime" : 24.886265814529708,
    "medianResTime" : 4.0,
    "minResTime" : 0.0,
    "maxResTime" : 363.0,
    "pct1ResTime" : 72.0,
    "pct2ResTime" : 126.59999999999945,
    "pct3ResTime" : 276.6399999999994,
    "throughput" : 59.23756837778534,
    "receivedKBytesPerSec" : 39.97378881743131,
    "sentKBytesPerSec" : 12.90036889477161
  },
  "JK02_DELETERequest_gunicorn" : {
    "transaction" : "JK02_DELETERequest_gunicorn",
    "sampleCount" : 8626,
    "errorCount" : 0,
    "errorPct" : 0.0,
    "meanResTime" : 56.340830048690044,
    "medianResTime" : 9.0,
    "minResTime" : 0.0,
    "maxResTime" : 649.0,
    "pct1ResTime" : 171.30000000000018,
    "pct2ResTime" : 275.64999999999964,
    "pct3ResTime" : 602.0,
    "throughput" : 63.8608180640385,
    "receivedKBytesPerSec" : 43.280671617619845,
    "sentKBytesPerSec" : 14.281374352211735
  },
  "JK02_POSTRequest_gunicorn" : {
    "transaction" : "JK02_POSTRequest_gunicorn",
    "sampleCount" : 7894,
    "errorCount" : 0,
    "errorPct" : 0.0,
    "meanResTime" : 26.351026095768976,
    "medianResTime" : 4.0,
    "minResTime" : 0.0,
    "maxResTime" : 385.0,
    "pct1ResTime" : 85.0,
    "pct2ResTime" : 138.0,
    "pct3ResTime" : 263.0500000000002,
    "throughput" : 58.85291245126034,
    "receivedKBytesPerSec" : 39.77169474245327,
    "sentKBytesPerSec" : 12.931548146028883
  },
  "Total" : {
    "transaction" : "Total",
    "sampleCount" : 40681,
    "errorCount" : 0,
    "errorPct" : 0.0,
    "meanResTime" : 29.040756126939097,
    "medianResTime" : 10.0,
    "minResTime" : 0.0,
    "maxResTime" : 649.0,
    "pct1ResTime" : 119.0,
    "pct2ResTime" : 199.0,
    "pct3ResTime" : 452.9800000000032,
    "throughput" : 295.3012826561944,
    "receivedKBytesPerSec" : 185.13920423096886,
    "sentKBytesPerSec" : 58.60596403145666
  },
  "JK02_PATCHRequest_gunicorn" : {
    "transaction" : "JK02_PATCHRequest_gunicorn",
    "sampleCount" : 8119,
    "errorCount" : 0,
    "errorPct" : 0.0,
    "meanResTime" : 20.27096933119839,
    "medianResTime" : 5.0,
    "minResTime" : 0.0,
    "maxResTime" : 368.0,
    "pct1ResTime" : 61.0,
    "pct2ResTime" : 91.0,
    "pct3ResTime" : 157.0,
    "throughput" : 60.42316308077012,
    "receivedKBytesPerSec" : 40.89184767087274,
    "sentKBytesPerSec" : 13.394587909506656
  }
}