{
  "JK03_POSTRequest_gunicorn" : {
    "transaction" : "JK03_POSTRequest_gunicorn",
    "sampleCount" : 30137,
    "errorCount" : 0,
    "errorPct" : 0.0,
    "meanResTime" : 13.757341473935705,
    "medianResTime" : 4.0,
    "minResTime" : 0.0,
    "maxResTime" : 296.0,
    "pct1ResTime" : 42.0,
    "pct2ResTime" : 74.0,
    "pct3ResTime" : 152.9900000000016,
    "throughput" : 163.83701649949714,
    "receivedKBytesPerSec" : 110.63828522112588,
    "sentKBytesPerSec" : 35.83994727534046
  },
  "Total" : {
    "transaction" : "Total",
    "sampleCount" : 76092,
    "errorCount" : 0,
    "errorPct" : 0.0,
    "meanResTime" : 13.933843242390674,
    "medianResTime" : 5.0,
    "minResTime" : 0.0,
    "maxResTime" : 310.0,
    "pct1ResTime" : 55.0,
    "pct2ResTime" : 96.0,
    "pct3ResTime" : 216.9900000000016,
    "throughput" : 405.19729485063107,
    "receivedKBytesPerSec" : 254.4699198572874,
    "sentKBytesPerSec" : 80.59303693620534
  },
  "JK03_GETRequest_gunicorn" : {
    "transaction" : "JK03_GETRequest_gunicorn",
    "sampleCount" : 15318,
    "errorCount" : 0,
    "errorPct" : 0.0,
    "meanResTime" : 13.398354876615773,
    "medianResTime" : 3.0,
    "minResTime" : 0.0,
    "maxResTime" : 310.0,
    "pct1ResTime" : 37.0,
    "pct2ResTime" : 61.04999999999927,
    "pct3ResTime" : 146.8099999999995,
    "throughput" : 82.64810618323082,
    "receivedKBytesPerSec" : 36.07783541396892,
    "sentKBytesPerSec" : 9.281769737374555
  },
  "JK03_DELETERequest_gunicorn" : {
    "transaction" : "JK03_DELETERequest_gunicorn",
    "sampleCount" : 15413,
    "errorCount" : 0,
    "errorPct" : 0.0,
    "meanResTime" : 15.159800168688705,
    "medianResTime" : 5.0,
    "minResTime" : 0.0,
    "maxResTime" : 290.0,
    "pct1ResTime" : 38.0,
    "pct2ResTime" : 63.0,
    "pct3ResTime" : 133.0,
    "throughput" : 82.47626793951133,
    "receivedKBytesPerSec" : 55.89700190431726,
    "sentKBytesPerSec" : 18.444399763816502
  },
  "JK03_PATCHRequest_gunicorn" : {
    "transaction" : "JK03_PATCHRequest_gunicorn",
    "sampleCount" : 15224,
    "errorCount" : 0,
    "errorPct" : 0.0,
    "meanResTime" : 13.580859169732003,
    "medianResTime" : 3.0,
    "minResTime" : 0.0,
    "maxResTime" : 281.0,
    "pct1ResTime" : 36.0,
    "pct2ResTime" : 64.0,
    "pct3ResTime" : 139.0,
    "throughput" : 82.20479923972441,
    "receivedKBytesPerSec" : 55.63274011047755,
    "sentKBytesPerSec" : 18.223134206462344
  }
}